raw_alarm_id,logs
05c95c24-14b1-11ee-b973-0ebcfc489c05,
306924c1-14b7-11ee-b973-0ebcfc489c05,
51a65b19-7562-46aa-9ec3-050bc120043a,
17781335-108c-42f1-b6b0-0215d2754aba,
9d84635b-0dee-4293-b9f3-bc3c12f751af,
94adb9e6-29c0-4bb1-ab69-0daec9c2dcb4,
54e7970a-e7d5-443e-86aa-e4ed4e71d84a,
a8966126-d980-4647-961f-265e32a99690,
ba182f47-57bc-4c86-8b65-1cf9abed7f06,
6e90e904-2733-4e50-b04e-c0b6c8bd4cfc,
124c087b-59bf-4a94-b84e-c5c70f895053,
8ad6038c-f4b5-476c-b05b-9bd4b4d8642a,
122600ad-6a67-4b91-8f70-dbaf74d75b98,
c914aef6-a366-4d4d-99fd-9b1c7a9db8b7,
f6c55589-826f-4796-8c60-13d93f21ef68,
